<?xml version="1.0"?>
<object name="media_link" meta_type="Dexterity FTI" i18n:domain="plone"
   xmlns:i18n="http://xml.zope.org/namespaces/i18n">
 <property name="title" i18n:translate="">Media Link</property>
 <property name="description"
    i18n:translate="">This package is used to view video from links. You can add video or photo from a link which accept oembed protocol. This package has as dependecy collective.oembed.</property>
 <property name="icon_expr">string:${portal_url}/document_icon.png</property>
 <property name="factory">media_link</property>
 <property
    name="add_view_expr">string:${folder_url}/++add++media_link</property>
 <property name="link_target"></property>
 <property name="immediate_view">view</property>
 <property name="global_allow">True</property>
 <property name="filter_content_types">True</property>
 <property name="allowed_content_types">
  <element value="Folder"/>
 </property>
 <property name="allow_discussion">False</property>
 <property name="default_view">view</property>
 <property name="view_methods">
  <element value="view"/>
 </property>
 <property name="default_view_fallback">False</property>
 <property name="add_permission">cmf.AddPortalContent</property>
 <property name="klass">plone.dexterity.content.Container</property>
 <property name="behaviors">
  <element value="plone.app.dexterity.behaviors.metadata.IDublinCore"/>
  <element value="plone.app.content.interfaces.INameFromTitle"/>
 </property>
 <property name="schema"></property>
 <property
    name="model_source">&lt;model xmlns:security="http://namespaces.plone.org/supermodel/security" xmlns:marshal="http://namespaces.plone.org/supermodel/marshal" xmlns:form="http://namespaces.plone.org/supermodel/form" xmlns="http://namespaces.plone.org/supermodel/schema"&gt;
    &lt;schema&gt;
      &lt;field name="link" type="zope.schema.TextLine"&gt;
        &lt;description&gt;Link to content&lt;/description&gt;
        &lt;title&gt;Link&lt;/title&gt;
      &lt;/field&gt;
      &lt;field name="max_width" type="zope.schema.Int"&gt;
        &lt;description/&gt;
        &lt;title&gt;Max width&lt;/title&gt;
      &lt;/field&gt;
      &lt;field name="max_height" type="zope.schema.Int"&gt;
        &lt;description/&gt;
        &lt;title&gt;Max height&lt;/title&gt;
      &lt;/field&gt;
    &lt;/schema&gt;
  &lt;/model&gt;</property>
 <property name="model_file"></property>
 <property name="schema_policy">dexterity</property>
 <alias from="(Default)" to="(dynamic view)"/>
 <alias from="edit" to="@@edit"/>
 <alias from="sharing" to="@@sharing"/>
 <alias from="view" to="(selected layout)"/>
 <action title="View" action_id="view" category="object" condition_expr=""
    description="" icon_expr="" link_target="" url_expr="string:${object_url}"
    visible="True">
  <permission value="View"/>
 </action>
 <action title="Edit" action_id="edit" category="object" condition_expr=""
    description="" icon_expr="" link_target=""
    url_expr="string:${object_url}/edit" visible="True">
  <permission value="Modify portal content"/>
 </action>
</object>
